model,val_macro_f1,test_macro_f1
lr,0.819527908389918,0.8182161093946241
