{
  "val": {
    "macro_f1": 0.8996427853646122
  },
  "test": {
    "macro_f1": 0.897697752261322
  }
}