{
  "val": {
    "macro_f1": 0.819527908389918
  },
  "test": {
    "macro_f1": 0.8182161093946241
  }
}