model,val_macro_f1,test_macro_f1
rf,0.9369023835647055,0.9371756779960858
