{
  "val": {
    "macro_f1": 0.9731715458457717
  },
  "test": {
    "macro_f1": 0.971660012550977
  }
}