{
  "val": {
    "macro_f1": 0.9690193698554578
  },
  "test": {
    "macro_f1": 0.9675377509458403
  }
}