{
  "val": {
    "macro_f1": 0.9369023835647055
  },
  "test": {
    "macro_f1": 0.9371756779960858
  }
}